id,spanish,english ,other_common_meanings,common_definitions
1,el ejército,army,,General meaning: army | Usage note: 'el ejército' commonly refers to army in everyday conversation.
2,el aviso,notice,,General meaning: notice | Usage note: 'el aviso' commonly refers to notice in everyday conversation.
3,egoísta,selfish,,General meaning: selfish | Usage note: 'egoísta' commonly refers to selfish in everyday conversation.
4,inolvidable,unforgettable,,General meaning: unforgettable | Usage note: 'inolvidable' commonly refers to unforgettable in everyday conversation.
5,la cancha,court,,General meaning: court | Usage note: 'la cancha' commonly refers to court in everyday conversation.
6,vencer,to defeat,,General meaning: to defeat | Usage note: 'vencer' commonly refers to to defeat in everyday conversation.
7,faltar,to miss,,General meaning: to miss | Usage note: 'faltar' commonly refers to to miss in everyday conversation.
8,emocionante,exciting,,General meaning: exciting | Usage note: 'emocionante' commonly refers to exciting in everyday conversation.
9,la juventud,youth,,General meaning: youth | Usage note: 'la juventud' commonly refers to youth in everyday conversation.
10,la ciencia,science,,General meaning: science | Usage note: 'la ciencia' commonly refers to science in everyday conversation.
11,ansioso,anxious,,General meaning: anxious | Usage note: 'ansioso' commonly refers to anxious in everyday conversation.
12,diseñar,to design,,General meaning: to design | Usage note: 'diseñar' commonly refers to to design in everyday conversation.
13,encantado,delighted,,General meaning: delighted | Usage note: 'encantado' commonly refers to delighted in everyday conversation.
14,borrar,to delete,,General meaning: to delete | Usage note: 'borrar' commonly refers to to delete in everyday conversation.
15,prohibir,to prohibit,,General meaning: to prohibit | Usage note: 'prohibir' commonly refers to to prohibit in everyday conversation.
16,la asignatura,subject,,General meaning: subject | Alternate Spanish term: el tema | Usage note: 'la asignatura' commonly refers to subject in everyday conversation.
17,orgulloso,proud,,General meaning: proud | Usage note: 'orgulloso' commonly refers to proud in everyday conversation.
18,estrecho,narrow,,General meaning: narrow | Usage note: 'estrecho' commonly refers to narrow in everyday conversation.
19,denunciar,to report,,General meaning: to report | Usage note: 'denunciar' commonly refers to to report in everyday conversation.
20,renunciar,to resign,,General meaning: to resign | Usage note: 'renunciar' commonly refers to to resign in everyday conversation.
21,sonreír,to smile,,General meaning: to smile | Usage note: 'sonreír' commonly refers to to smile in everyday conversation.
22,la paciencia,patience,,General meaning: patience | Usage note: 'la paciencia' commonly refers to patience in everyday conversation.
23,hacia,toward,,General meaning: toward | Usage note: 'hacia' commonly refers to toward in everyday conversation.
24,débil,weak,,General meaning: weak | Usage note: 'débil' commonly refers to weak in everyday conversation.
25,la bandera,flag,,General meaning: flag | Usage note: 'la bandera' commonly refers to flag in everyday conversation.
26,la respuesta,response,,General meaning: response | Usage note: 'la respuesta' commonly refers to response in everyday conversation.
27,el ciudadano,citizen,,General meaning: citizen | Usage note: 'el ciudadano' commonly refers to citizen in everyday conversation.
28,favorito,favorite,,General meaning: favorite | Usage note: 'favorito' commonly refers to favorite in everyday conversation.
29,hacer cola,to get in line,,General meaning: to get in line | Usage note: 'hacer cola' commonly refers to to get in line in everyday conversation.
30,el suceso,event,,General meaning: event | Alternate Spanish term: el acontecimiento | Usage note: 'el suceso' commonly refers to event in everyday conversation.
31,la calidad,quality,,General meaning: quality | Alternate Spanish term: la cualidad | Usage note: 'la calidad' commonly refers to quality in everyday conversation.
32,aconsejar,to advise,,General meaning: to advise | Usage note: 'aconsejar' commonly refers to to advise in everyday conversation.
33,votar,to vote,,General meaning: to vote | Usage note: 'votar' commonly refers to to vote in everyday conversation.
34,extranjero,foreign,,General meaning: foreign | Usage note: 'extranjero' commonly refers to foreign in everyday conversation.
35,ambicioso,greedy,,General meaning: greedy | Usage note: 'ambicioso' commonly refers to greedy in everyday conversation.
36,enorme,enormous,,General meaning: enormous | Usage note: 'enorme' commonly refers to enormous in everyday conversation.
37,sudar,to sweat,,General meaning: to sweat | Usage note: 'sudar' commonly refers to to sweat in everyday conversation.
38,perjudicar,to be detrimental to,,General meaning: to be detrimental to | Usage note: 'perjudicar' commonly refers to to be detrimental to in everyday conversation.
39,aguantar,to put up with,,General meaning: to put up with | Usage note: 'aguantar' commonly refers to to put up with in everyday conversation.
40,culpable,guilty,,General meaning: guilty | Usage note: 'culpable' commonly refers to guilty in everyday conversation.
41,próximo,next,,General meaning: next | Alternate Spanish term: siguiente | Usage note: 'próximo' commonly refers to next in everyday conversation.
42,agotar,to exhaust,,General meaning: to exhaust | Usage note: 'agotar' commonly refers to to exhaust in everyday conversation.
43,útil,useful,,General meaning: useful | Usage note: 'útil' commonly refers to useful in everyday conversation.
44,la risa,laughter,,General meaning: laughter | Usage note: 'la risa' commonly refers to laughter in everyday conversation.
45,anciano,elderly,,General meaning: elderly | Usage note: 'anciano' commonly refers to elderly in everyday conversation.
46,proponer,to propose,,General meaning: to propose | Usage note: 'proponer' commonly refers to to propose in everyday conversation.
47,la grasa,fat,,General meaning: fat | Usage note: 'la grasa' commonly refers to fat in everyday conversation.
48,valorar,to value,,General meaning: to value | Usage note: 'valorar' commonly refers to to value in everyday conversation.
49,el hogar,home,,General meaning: home | Usage note: 'el hogar' commonly refers to home in everyday conversation.
50,el empresario,businessman,,General meaning: businessman | Usage note: 'el empresario' commonly refers to businessman in everyday conversation.
51,la carrera,race,,General meaning: race | Usage note: 'la carrera' commonly refers to race in everyday conversation.
52,la huésped,guest,,General meaning: guest | Alternate Spanish term: el invitado | Usage note: 'la huésped' commonly refers to guest in everyday conversation.
53,reconocer,to recognize,,General meaning: to recognize | Usage note: 'reconocer' commonly refers to to recognize in everyday conversation.
54,el diccionario,dictionary,,General meaning: dictionary | Usage note: 'el diccionario' commonly refers to dictionary in everyday conversation.
55,acordarse,to remember,,General meaning: to remember | Usage note: 'acordarse' commonly refers to to remember in everyday conversation.
56,el nacimiento,birth,,General meaning: birth | Usage note: 'el nacimiento' commonly refers to birth in everyday conversation.
57,rápido,fast,,General meaning: fast | Usage note: 'rápido' commonly refers to fast in everyday conversation.
58,respirar,breathe,,General meaning: breathe | Usage note: 'respirar' commonly refers to breathe in everyday conversation.
59,el servicio,service,,General meaning: service | Usage note: 'el servicio' commonly refers to service in everyday conversation.
60,descargar,to download,,General meaning: to download | Usage note: 'descargar' commonly refers to to download in everyday conversation.
61,el calor,heat,,General meaning: heat | Usage note: 'el calor' commonly refers to heat in everyday conversation.
62,el patrimonio,heritage,,General meaning: heritage | Usage note: 'el patrimonio' commonly refers to heritage in everyday conversation.
63,levantar,to lift,,General meaning: to lift | Usage note: 'levantar' commonly refers to to lift in everyday conversation.
64,pelearse,to fight,,General meaning: to fight | Alternate Spanish term: pelear | Usage note: 'pelearse' commonly refers to to fight in everyday conversation.
65,el género,gender,,General meaning: gender | Usage note: 'el género' commonly refers to gender in everyday conversation.
66,soleado,sunny,,General meaning: sunny | Usage note: 'soleado' commonly refers to sunny in everyday conversation.
67,el robo,robbery,,General meaning: robbery | Usage note: 'el robo' commonly refers to robbery in everyday conversation.
68,engordar,to gain weight,,General meaning: to gain weight | Usage note: 'engordar' commonly refers to to gain weight in everyday conversation.
69,familia,family,,General meaning: family | Usage note: 'familia' commonly refers to family in everyday conversation.
70,pelear,to fight,,General meaning: to fight | Alternate Spanish term: pelearse | Usage note: 'pelear' commonly refers to to fight in everyday conversation.
71,la muerte,death,,General meaning: death | Usage note: 'la muerte' commonly refers to death in everyday conversation.
72,mentir,to lie,,General meaning: to lie | Usage note: 'mentir' commonly refers to to lie in everyday conversation.
73,salvaje,wild,,General meaning: wild | Usage note: 'salvaje' commonly refers to wild in everyday conversation.
74,el perfil,profile,,General meaning: profile | Usage note: 'el perfil' commonly refers to profile in everyday conversation.
75,la mayoria,majority,,General meaning: majority | Usage note: 'la majoria' commonly refers to majority in everyday conversation.
76,el sueño,dream,,General meaning: dream | Usage note: 'el sueño' commonly refers to dream in everyday conversation.
77,la temporada,season,,General meaning: season | Usage note: 'la temporada' commonly refers to season in everyday conversation.
78,la contabilidad,accounting,,General meaning: accounting | Usage note: 'la contabilidad' commonly refers to accounting in everyday conversation.
79,el bienestar,well-being,,General meaning: well-being | Usage note: 'el bienestar' commonly refers to well-being in everyday conversation.
80,el técnico,technician,,General meaning: technician | Usage note: 'el técnico' commonly refers to technician in everyday conversation.
81,componer,to make up,,General meaning: to make up | Usage note: 'componer' commonly refers to to make up in everyday conversation.
82,producir,to produce,,General meaning: to produce | Usage note: 'producir' commonly refers to to produce in everyday conversation.
83,el guion,script,,General meaning: script | Usage note: 'el guion' commonly refers to script in everyday conversation.
84,leal,loyal,,General meaning: loyal | Usage note: 'leal' commonly refers to loyal in everyday conversation.
85,levantar pesas,to lift weight,,General meaning: to lift weight | Usage note: 'levantar pesas' commonly refers to to lift weight in everyday conversation.
86,sugerir,to suggest,,General meaning: to suggest | Usage note: 'sugerir' commonly refers to to suggest in everyday conversation.
87,la ruta,route,,General meaning: route | Usage note: 'la ruta' commonly refers to route in everyday conversation.
88,el síntoma,symptom,,General meaning: symptom | Usage note: 'el síntoma' commonly refers to symptom in everyday conversation.
89,la marca,mark,,General meaning: mark | Usage note: 'la marca' commonly refers to mark in everyday conversation.
90,el relato,story,,General meaning: story | Alternate Spanish term: el cuento | Usage note: 'el relato' commonly refers to story in everyday conversation.
91,el ensayo,essay,,General meaning: essay | Usage note: 'el ensayo' commonly refers to essay in everyday conversation.
92,invertir,to invest,,General meaning: to invest | Usage note: 'invertir' commonly refers to to invest in everyday conversation.
93,activo,active,,General meaning: active | Usage note: 'activo' commonly refers to active in everyday conversation.
94,el discurso,speech,,General meaning: speech | Usage note: 'el discurso' commonly refers to speech in everyday conversation.
95,la alegría,joy,,General meaning: joy | Usage note: 'la alegría' commonly refers to joy in everyday conversation.
96,el almacén,store,,General meaning: store | Usage note: 'el almacén' commonly refers to store in everyday conversation.
97,el folleto,brochure,,General meaning: brochure | Usage note: 'el folleto' commonly refers to brochure in everyday conversation.
98,enojarse,to get angry,,General meaning: to get angry | Usage note: 'enojarse' commonly refers to to get angry in everyday conversation.
99,el impuesto,tax,,General meaning: tax | Usage note: 'el impuesto' commonly refers to tax in everyday conversation.
100,tener prisa,to be in a hurry,,General meaning: to be in a hurry | Usage note: 'tener prisa' commonly refers to to be in a hurry in everyday conversation.
101,oscuro,dark,,General meaning: dark | Usage note: 'oscuro' commonly refers to dark in everyday conversation.
102,el vecino,neighbor,,General meaning: neighbor | Usage note: 'el vecino' commonly refers to neighbor in everyday conversation.
103,la medida,measurement,,General meaning: measurement | Usage note: 'la medida' commonly refers to measurement in everyday conversation.
104,aburrirse,to be bored,,General meaning: to be bored | Usage note: 'aburrirse' commonly refers to to be bored in everyday conversation.
105,adónde,where,,General meaning: where | Usage note: 'adónde' commonly refers to where in everyday conversation.
106,graduarse,to graduate,,General meaning: to graduate | Usage note: 'graduarse' commonly refers to to graduate in everyday conversation.
107,sincero,sincere,,General meaning: sincere | Usage note: 'sincero' commonly refers to sincere in everyday conversation.
108,siguiente,next,,General meaning: next | Alternate Spanish term: próximo | Usage note: 'siguiente' commonly refers to next in everyday conversation.
109,la época,period,,General meaning: period | Usage note: 'la época' commonly refers to period in everyday conversation.
110,sensible,sensitive,,General meaning: sensitive | Usage note: 'sensible' commonly refers to sensitive in everyday conversation.
111,el origen,origin,,General meaning: origin | Usage note: 'el origen' commonly refers to origin in everyday conversation.
112,el compromiso,commitment,,General meaning: commitment | Usage note: 'el compromiso' commonly refers to commitment in everyday conversation.
113,entrevistar,to interview,,General meaning: to interview | Usage note: 'entrevistar' commonly refers to to interview in everyday conversation.
114,apretado,tight,,General meaning: tight | Usage note: 'apretado' commonly refers to tight in everyday conversation.
115,disminuir,to decrease,,General meaning: to decrease | Usage note: 'disminuir' commonly refers to to decrease in everyday conversation.
116,la pesadilla,nightmare,,General meaning: nightmare | Usage note: 'la pesadilla' commonly refers to nightmare in everyday conversation.
117,normalmente,normally,,General meaning: normally | Usage note: 'normalmente' commonly refers to normally in everyday conversation.
118,la serie,series,,General meaning: series | Usage note: 'la serie' commonly refers to series in everyday conversation.
119,el cuento,story,,General meaning: story | Alternate Spanish term: el relato | Usage note: 'el cuento' commonly refers to story in everyday conversation.
120,cariñoso,affectionate,,General meaning: affectionate | Usage note: 'cariñoso' commonly refers to affectionate in everyday conversation.
121,esconder,to hide,,General meaning: to hide | Usage note: 'esconder' commonly refers to to hide in everyday conversation.
122,frecuentemente,frequently ,,General meaning: frequently | Usage note: 'frecuentemente' commonly refers to frequently in everyday conversation.
123,sabio,wise,,General meaning: wise | Usage note: 'sabio' commonly refers to wise in everyday conversation.
124,el consejero,counselor,,General meaning: counselor | Usage note: 'el consejero' commonly refers to counselor in everyday conversation.
125,la competencia,competition,,General meaning: competition | Usage note: 'la competencia' commonly refers to competition in everyday conversation.
126,el aire,air,,General meaning: air | Usage note: 'el aire' commonly refers to air in everyday conversation.
127,atraer,to attract,,General meaning: to attract | Usage note: 'atraer' commonly refers to to attract in everyday conversation.
128,el descuento,discount,,General meaning: discount | Usage note: 'el descuento' commonly refers to discount in everyday conversation.
129,apreciar,to appreciate,,General meaning: to appreciate | Usage note: 'apreciar' commonly refers to to appreciate in everyday conversation.
130,comprensivo,understanding,,General meaning: understanding | Usage note: 'comprensivo' commonly refers to understanding in everyday conversation.
131,el pariente,relative,,General meaning: relative | Usage note: 'el pariente' commonly refers to relative in everyday conversation.
132,alegrarse,to be happy,,General meaning: to be happy | Usage note: 'alegrarse' commonly refers to to be happy in everyday conversation.
133,el informe,report,,General meaning: report | Alternate Spanish term: el reportaje | Usage note: 'el informe' commonly refers to report in everyday conversation.
134,la administración de empresas,business administration,,General meaning: business administration | Usage note: 'la administración de empresas' commonly refers to business administration in everyday conversation.
135,obedecer,to obey,,General meaning: to obey | Usage note: 'obedecer' commonly refers to to obey in everyday conversation.
136,la soledad,loneliness,,General meaning: loneliness | Usage note: 'la soledad' commonly refers to loneliness in everyday conversation.
137,agradable,nice,,General meaning: nice | Usage note: 'agradable' commonly refers to nice in everyday conversation.
138,el movimiento,movement,,General meaning: movement | Usage note: 'el movimiento' commonly refers to movement in everyday conversation.
139,sembrar,to plant,,General meaning: to plant | Usage note: 'sembrar' commonly refers to to plant in everyday conversation.
140,derramar,to spill,,General meaning: to spill | Usage note: 'derramar' commonly refers to to spill in everyday conversation.
141,el argumento,argument,,General meaning: argument | Usage note: 'el argumento' commonly refers to argument in everyday conversation.
142,el comercio,trade,,General meaning: trade | Usage note: 'el comercio' commonly refers to trade in everyday conversation.
143,tener hambre,to be hungry,,General meaning: to be hungry | Usage note: 'tener hambre' commonly refers to to be hungry in everyday conversation.
144,la química,chemistry,,General meaning: chemistry | Usage note: 'la química' commonly refers to chemistry in everyday conversation.
145,la ventanilla,window,,General meaning: window | Usage note: 'la ventanilla' commonly refers to window in everyday conversation.
146,interpretar,to interpret,,General meaning: to interpret | Usage note: 'interpretar' commonly refers to to interpret in everyday conversation.
147,la Tierra,Earth,,General meaning: Earth | Usage note: 'la Tierra' commonly refers to Earth in everyday conversation.
148,el alquiler,rent,,General meaning: rent | Usage note: 'el alquiler' commonly refers to rent in everyday conversation.
149,prevenir,to prevent,,General meaning: to prevent | Usage note: 'prevenir' commonly refers to to prevent in everyday conversation.
150,duro,hard,,General meaning: hard | Usage note: 'duro' commonly refers to hard in everyday conversation.
151,el compañero de clase,classmate,,General meaning: classmate | Usage note: 'el compañero de clase' commonly refers to classmate in everyday conversation.
152,el racismo,racism,,General meaning: racism | Usage note: 'el racismo' commonly refers to racism in everyday conversation.
153,la razón,reason,,General meaning: reason | Usage note: 'la razón' commonly refers to reason in everyday conversation.
154,el accidente,accident,,General meaning: accident | Usage note: 'el accidente' commonly refers to accident in everyday conversation.
155,el aniversario,anniversary,,General meaning: anniversary | Usage note: 'el aniversario' commonly refers to anniversary in everyday conversation.
156,doblar,to turn,,General meaning: to turn | Usage note: 'doblar' commonly refers to to turn in everyday conversation.
157,permitir,to allow,,General meaning: to allow | Usage note: 'permitir' commonly refers to to allow in everyday conversation.
158,ancho,wide,,General meaning: wide | Usage note: 'ancho' commonly refers to wide in everyday conversation.
159,profesional,professional,,General meaning: professional | Usage note: 'profesional' commonly refers to professional in everyday conversation.
160,aburrir,to bore,,General meaning: to bore | Usage note: 'aburrir' commonly refers to to bore in everyday conversation.
161,mantener,to hold,,General meaning: to hold | Usage note: 'mantener' commonly refers to to hold in everyday conversation.
162,el peso,weight,,General meaning: weight | Usage note: 'el peso' commonly refers to weight in everyday conversation.
163,la edad,age,,General meaning: age | Usage note: 'la edad' commonly refers to age in everyday conversation.
164,revisar,to review,,General meaning: to review | Usage note: 'revisar' commonly refers to to review in everyday conversation.
165,pronto,soon,,General meaning: soon | Usage note: 'pronto' commonly refers to soon in everyday conversation.
166,el tema,subject,,General meaning: subject | Alternate Spanish term: la asignatura | Usage note: 'el tema' commonly refers to subject in everyday conversation.
167,preocupado,worried,,General meaning: worried | Usage note: 'preocupado' commonly refers to worried in everyday conversation.
168,la ley,law,,General meaning: law | Usage note: 'la ley' commonly refers to law in everyday conversation.
169,popular,popular,,General meaning: popular | Usage note: 'popular' commonly refers to popular in everyday conversation.
170,por fin,finally,,General meaning: finally | Alternate Spanish term: por último | Usage note: 'por fin' commonly refers to finally in everyday conversation.
171,la talla,size,,General meaning: size | Usage note: 'la talla' commonly refers to size in everyday conversation.
172,tener miedo,to be afraid,,General meaning: to be afraid | Usage note: 'tener miedo' commonly refers to to be afraid in everyday conversation.
173,capaz,able,,General meaning: able | Usage note: 'capaz' commonly refers to able in everyday conversation.
174,temer,to fear,,General meaning: to fear | Usage note: 'temer' commonly refers to to fear in everyday conversation.
175,maravilloso,wonderful,,General meaning: wonderful | Usage note: 'maravilloso' commonly refers to wonderful in everyday conversation.
176,promover,to promote,,General meaning: to promote | Usage note: 'promover' commonly refers to to promote in everyday conversation.
177,abrazar,to hug,,General meaning: to hug | Usage note: 'abrazar' commonly refers to to hug in everyday conversation.
178,bello,beautiful,,General meaning: beautiful | Alternate Spanish term: hermoso | Usage note: 'bello' commonly refers to beautiful in everyday conversation.
179,contratar,to hire,,General meaning: to hire | Usage note: 'contratar' commonly refers to to hire in everyday conversation.
180,enamorado,in love,,General meaning: in love | Usage note: 'enamorado' commonly refers to in love in everyday conversation.
181,el presupuesto,budget,,General meaning: budget | Usage note: 'el presupuesto' commonly refers to budget in everyday conversation.
182,conservar,to maintain,,General meaning: to maintain | Usage note: 'conversar' commonly refers to to maintain in everyday conversation.
183,la esperanza,hope,,General meaning: hope | Usage note: 'la esperanza' commonly refers to hope in everyday conversation.
184,coger,to take,,General meaning: to take | Usage note: 'coger' commonly refers to to take in everyday conversation.
185,jamás,never,,General meaning: never | Usage note: 'jamás' commonly refers to never in everyday conversation.
186,suponer,to suppose,,General meaning: to suppose | Usage note: 'suponer' commonly refers to to suppose in everyday conversation.
187,el apoyo,support,,General meaning: support | Usage note: 'el apoyo' commonly refers to support in everyday conversation.
188,desaparecer,disappear,,General meaning: disappear | Usage note: 'desaparecer' commonly refers to disappear in everyday conversation.
189,a tiempo,on time,,General meaning: on time | Usage note: 'a tiempo' commonly refers to on time in everyday conversation.
190,la confianza,trust,,General meaning: trust | Usage note: 'la confianza' commonly refers to trust in everyday conversation.
191,el conocimiento,knowledge,,General meaning: knowledge | Usage note: 'el conocimiento' commonly refers to knowledge in everyday conversation.
192,el espacio,space,,General meaning: space | Usage note: 'el espacio' commonly refers to space in everyday conversation.
193,apoyar,to support,,General meaning: to support | Usage note: 'apoyar' commonly refers to to support in everyday conversation.
194,pescar,to fish,,General meaning: to fish | Usage note: 'pescar' commonly refers to to fish in everyday conversation.
195,jurar,to swear,,General meaning: to swear | Usage note: 'jurar' commonly refers to to swear in everyday conversation.
196,la obra,work,,General meaning: work | Usage note: 'la obra' commonly refers to work in everyday conversation.
197,el edificio,building,,General meaning: building | Usage note: 'el edificio' commonly refers to building in everyday conversation.
198,la huelga,strike,,General meaning: strike | Usage note: 'la huelga' commonly refers to strike in everyday conversation.
199,el cielo,sky,,General meaning: sky | Usage note: 'el cielo' commonly refers to sky in everyday conversation.
200,convertirse en,to turn into,,General meaning: to turn into | Usage note: 'convertirse en' commonly refers to to turn into in everyday conversation.
201,de acuerdo,okay,,General meaning: okay | Usage note: 'de acuerdo' commonly refers to okay in everyday conversation.
202,negar,to deny,,General meaning: to deny | Usage note: 'negar' commonly refers to to deny in everyday conversation.
203,fresco,fresh,,General meaning: fresh | Usage note: 'fresco' commonly refers to fresh in everyday conversation.
204,la lucha,fight,,General meaning: fight | Usage note: 'la lucha' commonly refers to fight in everyday conversation.
205,precioso,precious,,General meaning: precious | Usage note: 'precioso' commonly refers to precious in everyday conversation.
206,entrenarse,to train,,General meaning: to train | Usage note: 'entrenarse' commonly refers to to train in everyday conversation.
207,normal,normal,,General meaning: normal | Usage note: 'normal' commonly refers to normal in everyday conversation.
208,el proyecto,project,,General meaning: project | Usage note: 'el proyecto' commonly refers to project in everyday conversation.
209,la costa,coast,,General meaning: coast | Usage note: 'la costa' commonly refers to coast in everyday conversation.
210,la capital,capital,,General meaning: capital | Usage note: 'la capital' commonly refers to capital in everyday conversation.
211,quizá,maybe,,General meaning: maybe | Usage note: 'quizá' commonly refers to maybe in everyday conversation.
212,estudioso,studious,,General meaning: studious | Usage note: 'estudioso' commonly refers to studious in everyday conversation.
213,el respeto,respect,,General meaning: respect | Usage note: 'el respeto' commonly refers to respect in everyday conversation.
214,formal,formal,,General meaning: formal | Usage note: 'formal' commonly refers to formal in everyday conversation.
215,confiar,to confide,,General meaning: to confide | Usage note: 'confiar' commonly refers to to confide in everyday conversation.
216,contrario,opposite,,General meaning: opposite | Usage note: 'contrario' commonly refers to opposite in everyday conversation.
217,dentro de,inside,,General meaning: inside | Usage note: 'dentro de' commonly refers to inside in everyday conversation.
218,el hambre,hunger,,General meaning: hunger | Usage note: 'el hambre' commonly refers to hunger in everyday conversation.
219,el negocio,business,,General meaning: business | Usage note: 'el negocio' commonly refers to business in everyday conversation.
220,enfermo,sick,,General meaning: sick | Usage note: 'enfermo' commonly refers to sick in everyday conversation.
221,el material,material,,General meaning: material | Usage note: 'el material' commonly refers to material in everyday conversation.
222,muy bien,very good,,General meaning: very good | Usage note: 'muy bien' commonly refers to very good in everyday conversation.
223,el curso,course,,General meaning: course | Usage note: 'el curso' commonly refers to course in everyday conversation.
224,el error,mistake,,General meaning: mistake | Usage note: 'el error' commonly refers to mistake in everyday conversation.
225,anunciar,to announce,,General meaning: to announce | Usage note: 'anunciar' commonly refers to to announce in everyday conversation.
226,reservar,to reserve,,General meaning: to reserve | Usage note: 'reservar' commonly refers to to reserve in everyday conversation.
227,aparecer,to appear,,General meaning: to appear | Usage note: 'aparecer' commonly refers to to appear in everyday conversation.
228,charlar,to chat,,General meaning: to chat | Usage note: 'charlar' commonly refers to to chat in everyday conversation.
229,el asiento,seat,,General meaning: seat | Usage note: 'el asiento' commonly refers to seat in everyday conversation.
230,vivo,alive,,General meaning: alive | Usage note: 'vivo' commonly refers to alive in everyday conversation.
231,el pago,payment,,General meaning: payment | Usage note: 'el pago' commonly refers to payment in everyday conversation.
232,menor,young,,General meaning: young | Usage note: 'menor' commonly refers to young in everyday conversation.
233,el periodismo,journalism,,General meaning: journalism | Usage note: 'el periodismo' commonly refers to journalism in everyday conversation.
234,la actitud,attitude,,General meaning: attitude | Usage note: 'la actitud' commonly refers to attitude in everyday conversation.
235,batir,to beat,,General meaning: to beat | Usage note: 'batir' commonly refers to to beat in everyday conversation.
236,emocionado,excited,,General meaning: excited | Usage note: 'emocionado' commonly refers to excited in everyday conversation.
237,la regla,rule,,General meaning: rule | Usage note: 'la regla' commonly refers to rule in everyday conversation.
238,la herramienta,tool,,General meaning: tool | Usage note: 'la herramienta' commonly refers to tool in everyday conversation.
239,lejos de,far from,,General meaning: far from | Usage note: 'lejos de' commonly refers to far from in everyday conversation.
240,las redes sociales,social media,,General meaning: social media | Usage note: 'las redes sociales' commonly refers to social media in everyday conversation.
241,eficaz,effective,,General meaning: effective | Usage note: 'eficaz' commonly refers to effective in everyday conversation.
242,suficiente,enough,,General meaning: enough | Usage note: 'suficiente' commonly refers to enough in everyday conversation.
243,el acontecimiento,event,,General meaning: event | Alternate Spanish term: el suceso | Usage note: 'el acontecimiento' commonly refers to event in everyday conversation.
244,asegurar,to assure,,General meaning: to assure | Usage note: 'asegurar' commonly refers to to assure in everyday conversation.
245,el éxito,success,,General meaning: success | Usage note: 'el éxito' commonly refers to success in everyday conversation.
246,responder,to answer,,General meaning: to answer | Usage note: 'responder' commonly refers to to answer in everyday conversation.
247,el taller,workshop,,General meaning: workshop | Usage note: 'el taller' commonly refers to workshop in everyday conversation.
248,la factura,invoice,,General meaning: invoice | Usage note: 'la factura' commonly refers to invoice in everyday conversation.
249,mezclar,to mix,,General meaning: to mix | Usage note: 'mezclar' commonly refers to to mix in everyday conversation.
250,atrevido,daring,,General meaning: daring | Usage note: 'atrevido' commonly refers to daring in everyday conversation.
251,desafortunadamente,unfortunately,,General meaning: unfortunately | Usage note: 'desafortunadamente' commonly refers to unfortunately in everyday conversation.
252,enfermarse,to get sick,,General meaning: to get sick | Usage note: 'enfermarse' commonly refers to to get sick in everyday conversation.
253,fiel,faithful,,General meaning: faithful | Usage note: 'fiel' commonly refers to faithful in everyday conversation.
254,diario,daily,,General meaning: daily | Usage note: 'diario' commonly refers to daily in everyday conversation.
255,celoso,jealous,,General meaning: jealous | Usage note: 'celoso' commonly refers to jealous in everyday conversation.
256,la amenaza,threat,,General meaning: threat | Usage note: 'la amenaza' commonly refers to threat in everyday conversation.
257,igualmente,likewise,,General meaning: likewise | Usage note: 'igualmente' commonly refers to likewise in everyday conversation.
258,el ambiente,environment,,General meaning: environment | Usage note: 'el ambiente' commonly refers to environment in everyday conversation.
259,ausente,absent,,General meaning: absent | Usage note: 'ausente' commonly refers to absent in everyday conversation.
260,el juguete,toy,,General meaning: toy | Usage note: 'el juguete' commonly refers to toy in everyday conversation.
261,ligero,light,,General meaning: light | Usage note: 'ligero' commonly refers to light in everyday conversation.
262,la leyenda,legend,,General meaning: legend | Usage note: 'la leyenda' commonly refers to legend in everyday conversation.
263,dudar,to doubt,,General meaning: to doubt | Usage note: 'dudar' commonly refers to to doubt in everyday conversation.
264,la señorita,miss,,General meaning: miss | Usage note: 'la señorita' commonly refers to miss in everyday conversation.
265,el recuerdo,memory,,General meaning: memory | Alternate Spanish term: la memoria | Usage note: 'el recuerdo' commonly refers to memory in everyday conversation.
266,conversar,to talk,,General meaning: to talk | Usage note: 'conversar' commonly refers to to talk in everyday conversation.
267,el comportamiento,behavior,,General meaning: behavior | Usage note: 'el comportamiento' commonly refers to behavior in everyday conversation.
268,reemplazar,to replace,,General meaning: to replace | Usage note: 'reemplazar' commonly refers to to replace in everyday conversation.
269,rápidamente,quickly,,General meaning: quickly | Usage note: 'rápidamente' commonly refers to quickly in everyday conversation.
270,el fuego,fire,,General meaning: fire | Usage note: 'el fuego' commonly refers to fire in everyday conversation.
271,el pasado,past,,General meaning: past | Usage note: 'el pasado' commonly refers to past in everyday conversation.
272,el juez,judge,,General meaning: judge | Usage note: 'el juez' commonly refers to judge in everyday conversation.
273,generoso,generous,,General meaning: generous | Usage note: 'generoso' commonly refers to generous in everyday conversation.
274,cómico,funny,,General meaning: funny | Usage note: 'cómico' commonly refers to funny in everyday conversation.
275,el despertador,alarm clock,,General meaning: alarm clock | Usage note: 'el despertador' commonly refers to alarm clock in everyday conversation.
276,el castigo,punishment,,General meaning: punishment | Usage note: 'el castigo' commonly refers to punishment in everyday conversation.
277,la receta,prescription,,General meaning: prescription | Usage note: 'la receta' commonly refers to prescription in everyday conversation.
278,exigir,to demand,,General meaning: to demand | Usage note: 'exigir' commonly refers to to demand in everyday conversation.
279,disponible,available,,General meaning: available | Usage note: 'disponible' commonly refers to available in everyday conversation.
280,el significado,meaning,,General meaning: meaning | Usage note: 'el significado' commonly refers to meaning in everyday conversation.
281,tratar de,to try,,General meaning: to try | Usage note: 'tratar de' commonly refers to to try in everyday conversation.
282,la nacionalidad,nationality,,General meaning: nationality | Usage note: 'la nacionalidad' commonly refers to nationality in everyday conversation.
283,mudarse,to move,,General meaning: to move | Usage note: 'mudarse' commonly refers to to move in everyday conversation.
284,enfrentar,to confront,,General meaning: to confront | Usage note: 'enfrentar' commonly refers to to confront in everyday conversation.
285,robar ,to steal,,General meaning: to steal | Usage note: 'robar' commonly refers to to steal in everyday conversation.
286,el compañero,companion,,General meaning: companion | Usage note: 'el compañero' commonly refers to companion in everyday conversation.
287,soltero,single,,General meaning: single | Usage note: 'soltero' commonly refers to single in everyday conversation.
288,apenas,barely,,General meaning: barely | Usage note: 'apenas' commonly refers to barely in everyday conversation.
289,la pena,shame,,General meaning: shame | Usage note: 'la pena' commonly refers to shame in everyday conversation.
290,estupendo,great,,General meaning: great | Alternate Spanish term: genial | Usage note: 'estupendo' commonly refers to great in everyday conversation.
291,claro,clear,,General meaning: clear | Usage note: 'claro' commonly refers to clear in everyday conversation.
292,despedir,to fire,,General meaning: to fire | Usage note: 'despedir' commonly refers to to fire in everyday conversation.
293,el camino,road,,General meaning: road | Usage note: 'el camino' commonly refers to road in everyday conversation.
294,el grado,degree,,General meaning: degree | Usage note: 'el grado' commonly refers to degree in everyday conversation.
295,genial,great,"can also mean brilliant(like in an intelligent way), or funny/witty","General meaning: great | Other senses: can also mean brilliant(like in an intelligent way), or funny/witty | Alternate Spanish term: estupendo | Usage note: 'genial' commonly refers to great in everyday conversation."
296,ir a ,to go to,,General meaning: to go to | Usage note: 'ir a' commonly refers to to go to in everyday conversation.
297,muchas gracias,thank you very much,,General meaning: thank you very much | Usage note: 'muchas gracias' commonly refers to thank you very much in everyday conversation.
298,fascinar,to fascinate,,General meaning: to fascinate | Usage note: 'fascinar' commonly refers to to fascinate in everyday conversation.
299,respetar,to respect,,General meaning: to respect | Usage note: 'respetar' commonly refers to to respect in everyday conversation.
300,quitarse,to take off,,General meaning: to take off | Usage note: 'quitarse' commonly refers to to take off in everyday conversation.
301,la paz,peace,,General meaning: peace | Usage note: 'la paz' commonly refers to peace in everyday conversation.
302,el hecho,fact,,General meaning: fact | Usage note: 'el hecho' commonly refers to fact in everyday conversation.
303,interesar,to interest,,General meaning: to interest | Usage note: 'interesar' commonly refers to to interest in everyday conversation.
304,cobrar,to charge for,,General meaning: to charge for | Usage note: 'cobrar' commonly refers to to charge for in everyday conversation.
305,igual,equal,,General meaning: equal | Usage note: 'igual' commonly refers to equal in everyday conversation.
306,buenas tardes,good afternoon,,General meaning: good afternoon | Usage note: 'buenas tardes' commonly refers to good afternoon in everyday conversation.
307,vago,lazy,,General meaning: lazy | Usage note: 'vago' commonly refers to lazy in everyday conversation.
308,la clave,key,,General meaning: key | Usage note: 'la clave' commonly refers to key in everyday conversation.
309,hermoso,beautiful,,General meaning: beautiful | Alternate Spanish term: bello | Usage note: 'hermoso' commonly refers to beautiful in everyday conversation.
310,probarse,to try on,,General meaning: to try on | Usage note: 'probarse' commonly refers to to try on in everyday conversation.
311,por supuesto,of course,,General meaning: of course | Usage note: 'por supuesto' commonly refers to of course in everyday conversation.
312,el oso,bear,,General meaning: bear | Usage note: 'el oso' commonly refers to bear in everyday conversation.
313,la sangre,blood,,General meaning: blood | Usage note: 'la sangre' commonly refers to blood in everyday conversation.
314,utilizar,to use,,General meaning: to use | Usage note: 'utilizar' commonly refers to to use in everyday conversation.
315,flexible,flexible,,General meaning: flexible | Usage note: 'flexible' commonly refers to flexible in everyday conversation.
316,el enlace,link,,General meaning: link | Usage note: 'el enlace' commonly refers to link in everyday conversation.
317,medir,to measure,,General meaning: to measure | Usage note: 'medir' commonly refers to to measure in everyday conversation.
318,elegir,to choose,,General meaning: to choose | Usage note: 'elegir' commonly refers to to choose in everyday conversation.
319,relajarse,to relax,,General meaning: to relax | Usage note: 'relajarse' commonly refers to to relax in everyday conversation.
320,recorrer,to travel around,,General meaning: to travel around | Usage note: 'recorrer' commonly refers to to travel around in everyday conversation.
321,crecer,to grow,,General meaning: to grow | Usage note: 'crecer' commonly refers to to grow in everyday conversation.
322,alquilar,to rent,,General meaning: to rent | Usage note: 'alquilar' commonly refers to to rent in everyday conversation.
323,aprovechar,to take advantage of,,General meaning: to take advantage of | Usage note: 'aprovechar' commonly refers to to take advantage of in everyday conversation.
324,transmitir,to transmit,,General meaning: to transmit | Usage note: 'transmitir' commonly refers to to transmit in everyday conversation.
325,aumentar,to increase,,General meaning: to increase | Usage note: 'aumentar' commonly refers to to increase in everyday conversation.
326,cazar,to hunt,,General meaning: to hunt | Usage note: 'cazar' commonly refers to to hunt in everyday conversation.
327,colocar,to place,,General meaning: to place | Usage note: 'colocar' commonly refers to to place in everyday conversation.
328,importar,to matter,,General meaning: to matter | Usage note: 'importar' commonly refers to to matter in everyday conversation.
329,presentar,to introduce,,General meaning: to introduce | Usage note: 'presentar' commonly refers to to introduce in everyday conversation.
330,saltar,to jump,,General meaning: to jump | Usage note: 'saltar' commonly refers to to jump in everyday conversation.
331,soler,to use to,,General meaning: to use to | Usage note: 'soler' commonly refers to to use to in everyday conversation.
332,jubilarse,to retire,,General meaning: to retire | Usage note: 'jubilarse' commonly refers to to retire in everyday conversation.
333,amenazar,to threaten,,General meaning: to threaten | Usage note: 'amenazar' commonly refers to to threaten in everyday conversation.
334,matar,to kill,,General meaning: to kill | Usage note: 'matar' commonly refers to to kill in everyday conversation.
335,la vez,time,,General meaning: time | Usage note: 'la vez' commonly refers to time in everyday conversation.
336,el puente,bridge,,General meaning: bridge | Usage note: 'el puente' commonly refers to bridge in everyday conversation.
337,regalar,to give,,General meaning: to give | Usage note: 'regalar' commonly refers to to give in everyday conversation.
338,el mensaje,message,,General meaning: message | Usage note: 'el mensaje' commonly refers to message in everyday conversation.
339,terrible,terrible,,General meaning: terrible | Usage note: 'terrible' commonly refers to terrible in everyday conversation.
340,el mundo,world,,General meaning: world | Usage note: 'el mundo' commonly refers to world in everyday conversation.
341,el sol,sun,,General meaning: sun | Usage note: 'el sol' commonly refers to sun in everyday conversation.
342,saludar,to greet,,General meaning: to greet | Usage note: 'saludar' commonly refers to to greet in everyday conversation.
343,soñar,to dream,,General meaning: to dream | Usage note: 'soñar' commonly refers to to dream in everyday conversation.
344,ocupado,busy,,General meaning: busy | Usage note: 'ocupado' commonly refers to busy in everyday conversation.
345,despedirse,to say goodbye to,,General meaning: to say goodbye to | Usage note: 'despedirse' commonly refers to to say goodbye to in everyday conversation.
346,tener que,to have to,,General meaning: to have to | Usage note: 'tener que' commonly refers to to have to in everyday conversation.
347,romperse,to break,,General meaning: to break | Usage note: 'romperse' commonly refers to to break in everyday conversation.
348,destruir,to destroy,,General meaning: to destroy | Usage note: 'destruir' commonly refers to to destroy in everyday conversation.
349,lleno,full,,General meaning: full | Usage note: 'lleno' commonly refers to full in everyday conversation.
350,preocuparse,to worry,,General meaning: to worry | Usage note: 'preocuparse' commonly refers to to worry in everyday conversation.
351,buenas noches,good evening,,General meaning: good evening | Usage note: 'buenas noches' commonly refers to good evening in everyday conversation.
352,volar,to fly,,General meaning: to fly | Usage note: 'volar' commonly refers to to fly in everyday conversation.
353,horrible,horrible,,General meaning: horrible | Usage note: 'horrible' commonly refers to horrible in everyday conversation.
354,último,last,,General meaning: last | Usage note: 'último' commonly refers to last in everyday conversation.
355,construir,to build,,General meaning: to build | Usage note: 'construir' commonly refers to to build in everyday conversation.
356,encender,to turn on,,General meaning: to turn on | Usage note: 'encender' commonly refers to to turn on in everyday conversation.
357,crear,to create,,General meaning: to create | Usage note: 'crear' commonly refers to to create in everyday conversation.
358,gritar,to shout,,General meaning: to shout | Usage note: 'gritar' commonly refers to to shout in everyday conversation.
359,describir,to describe,,General meaning: to describe | Usage note: 'describir' commonly refers to to describe in everyday conversation.
360,llorar,to cry,,General meaning: to cry | Usage note: 'llorar' commonly refers to to cry in everyday conversation.
361,amar,to love,,General meaning: to love | Usage note: 'amar' commonly refers to to love in everyday conversation.
362,decidir,to decide,,General meaning: to decide | Usage note: 'decidir' commonly refers to to decide in everyday conversation.
363,la solución,solution,,General meaning: solution | Usage note: 'la solución' commonly refers to solution in everyday conversation.
364,el autor,author,,General meaning: author | Usage note: 'el autor' commonly refers to author in everyday conversation.
365,famoso,famous,,General meaning: famous | Usage note: 'famoso' commonly refers to famous in everyday conversation.
366,la actividad,activity,,General meaning: activity | Usage note: 'la actividad' commonly refers to activity in everyday conversation.
367,más o menos,more or less,,General meaning: more or less | Usage note: 'más o menos' commonly refers to more or less in everyday conversation.
368,internacional,international,,General meaning: international | Usage note: 'internacional' commonly refers to international in everyday conversation.
369,original,original,,General meaning: original | Usage note: 'original' commonly refers to original in everyday conversation.
370,la letra,letter,,General meaning: letter | Usage note: 'la letra' commonly refers to letter in everyday conversation.
371,personal ,personal,,General meaning: personal | Usage note: 'personal' commonly refers to personal in everyday conversation.
372,la recepción,reception,,General meaning: reception | Usage note: 'la recepción' commonly refers to reception in everyday conversation.
373,el tráfico,traffic,,General meaning: traffic | Usage note: 'el tráfico' commonly refers to traffic in everyday conversation.
374,la sociedad,society,,General meaning: society | Usage note: 'la sociedad' commonly refers to society in everyday conversation.
375,organizado,organized,,General meaning: organized | Usage note: 'organizado' commonly refers to organized in everyday conversation.
376,comunicarse,to communicate,,General meaning: to communicate | Usage note: 'comunicarse' commonly refers to to communicate in everyday conversation.
377,puro,pure,,General meaning: pure | Usage note: 'puro' commonly refers to pure in everyday conversation.
378,comunicación,communication,,General meaning: communication | Usage note: 'comunicación' commonly refers to communication in everyday conversation.
379,la comunidad,community,,General meaning: community | Usage note: 'la comunidad' commonly refers to community in everyday conversation.
380,la ecología,ecology,,General meaning: ecology | Usage note: 'la ecología' commonly refers to ecology in everyday conversation.
381,curioso,curious,,General meaning: curious | Usage note: 'curioso' commonly refers to curious in everyday conversation.
382,informar,to inform,,General meaning: to inform | Usage note: 'informar' commonly refers to to inform in everyday conversation.
383,la violencia,violence,,General meaning: violence | Usage note: 'la violencia' commonly refers to violence in everyday conversation.
384,fantástico,fantastic,,General meaning: fantastic | Usage note: 'fantástico' commonly refers to fantastic in everyday conversation.
385,modesto,modest,,General meaning: modest | Usage note: 'modesto' commonly refers to modest in everyday conversation.
386,el crítico,critic,,General meaning: critic | Usage note: 'el crítico' commonly refers to critic in everyday conversation.
387,la vacación,vacation,,General meaning: vacation | Usage note: 'la vacación' commonly refers to vacation in everyday conversation.
388,la memoria,memory,,General meaning: memory | Alternate Spanish term: el recuerdo | Usage note: 'la memoria' commonly refers to memory in everyday conversation.
389,la conservación,conservation,,General meaning: conservation | Usage note: 'la conservación' commonly refers to conservation in everyday conversation.
390,la graduación,graduation,,General meaning: graduation | Usage note: 'la graduación' commonly refers to graduation in everyday conversation.
391,la biología,biology,,General meaning: biology | Usage note: 'la biología' commonly refers to biology in everyday conversation.
392,la invitación,invitation,,General meaning: invitation | Usage note: 'la invitación' commonly refers to invitation in everyday conversation.
393,la acción,action,,General meaning: action | Usage note: 'la acción' commonly refers to action in everyday conversation.
394,la inseguridad,insecurity,,General meaning: insecurity | Usage note: 'la inseguridad' commonly refers to insecurity in everyday conversation.
395,tradicional,traditional,,General meaning: traditional | Usage note: 'tradicional' commonly refers to traditional in everyday conversation.
396,la región,region,,General meaning: region | Usage note: 'la región' commonly refers to region in everyday conversation.
397,la internet,internet,,General meaning: internet | Usage note: 'la internet' commonly refers to internet in everyday conversation.
398,manipular,to manipulate,,General meaning: to manipulate | Usage note: 'manipular' commonly refers to to manipulate in everyday conversation.
399,el editor,editor,,General meaning: editor | Usage note: 'el editor' commonly refers to editor in everyday conversation.
400,la protección,protection,,General meaning: protection | Usage note: 'la protección' commonly refers to protection in everyday conversation.
401,la industria,industry,,General meaning: industry | Usage note: 'la industria' commonly refers to industry in everyday conversation.
402,la electricidad,electricity,,General meaning: electricity | Usage note: 'la electricidad' commonly refers to electricity in everyday conversation.
403,la modelo,model,,General meaning: model | Usage note: 'la modelo' commonly refers to model in everyday conversation.
404,la operación,operation,,General meaning: operation | Usage note: 'la operación' commonly refers to operation in everyday conversation.
405,creativo,creative,,General meaning: creative | Usage note: 'creativo' commonly refers to creative in everyday conversation.
406,la economía,economy,,General meaning: economy | Usage note: 'la economía' commonly refers to economy in everyday conversation.
407,la geografía,geography,,General meaning: geography | Usage note: 'la geografía' commonly refers to geography in everyday conversation.
408,la gasolina,gasoline,,General meaning: gasoline | Usage note: 'la gasolina' commonly refers to gasoline in everyday conversation.
409,especialmente,especially,,General meaning: especially | Usage note: 'especialmente' commonly refers to especially in everyday conversation.
410,la víctima,victim,,General meaning: victim | Usage note: 'la víctima' commonly refers to victim in everyday conversation.
411,controlar,to control,,General meaning: to control | Usage note: 'controlar' commonly refers to to control in everyday conversation.
412,increíble,incredible,,General meaning: incredible | Usage note: 'increíble' commonly refers to incredible in everyday conversation.
413,la destrucción,destruction,,General meaning: destruction | Usage note: 'la destrucción' commonly refers to destruction in everyday conversation.
414,consumir,to consume,,General meaning: to consume | Usage note: 'consumir' commonly refers to to consume in everyday conversation.
415,la oportunidad,opportunity,,General meaning: opportunity | Usage note: 'la oportunidad' commonly refers to opportunity in everyday conversation.
416,regular,regular,,General meaning: regular | Usage note: 'regular' commonly refers to regular in everyday conversation.
417,la dieta,diet,,General meaning: diet | Usage note: 'la dieta' commonly refers to diet in everyday conversation.
418,el defecto,defect,,General meaning: defect | Usage note: 'el defecto' commonly refers to defect in everyday conversation.
419,publicar,to publish,,General meaning: to publish | Usage note: 'publicar' commonly refers to to publish in everyday conversation.
420,la agricultura,agriculture,,General meaning: agriculture | Usage note: 'la agricultura' commonly refers to agriculture in everyday conversation.
421,atractivo,attractive,,General meaning: attractive | Usage note: 'atractivo' commonly refers to attractive in everyday conversation.
422,separado,seperated ,,General meaning: seperated | Usage note: 'separado' commonly refers to seperated in everyday conversation.
423,la cualidad,quality,,General meaning: quality | Alternate Spanish term: la calidad | Usage note: 'la cualidad' commonly refers to quality in everyday conversation.
424,el planeta,planet,,General meaning: planet | Usage note: 'el planeta' commonly refers to planet in everyday conversation.
425,informal,informal,,General meaning: informal | Usage note: 'informal' commonly refers to informal in everyday conversation.
426,ecónomico,economic,,General meaning: economic | Usage note: 'ecónomico' commonly refers to economic in everyday conversation.
427,la droga,drug,,General meaning: drug | Usage note: 'la droga' commonly refers to drug in everyday conversation.
428,el video,video,,General meaning: video | Usage note: 'el video' commonly refers to video in everyday conversation.
429,contaminado,contaminated ,,General meaning: contaminated | Usage note: 'contaminado' commonly refers to contaminated in everyday conversation.
430,violento,violent,,General meaning: violent | Usage note: 'violento' commonly refers to violent in everyday conversation.
431,la discriminación,discrimination,,General meaning: discrimination | Usage note: 'la discriminación' commonly refers to discrimination in everyday conversation.
432,independiente,independent,,General meaning: independent | Usage note: 'independiente' commonly refers to independent in everyday conversation.
433,el objeto,object,,General meaning: object | Usage note: 'el objeto' commonly refers to object in everyday conversation.
434,la obra de arte,work of art,,General meaning: work of art | Usage note: 'la obra de arte' commonly refers to work of art in everyday conversation.
435,el salario,salary,,General meaning: salary | Usage note: 'el salario' commonly refers to salary in everyday conversation.
436,la generosidad,generosity,,General meaning: generosity | Usage note: 'la generosidad' commonly refers to generosity in everyday conversation.
437,tener una cita,to have an appointment,,General meaning: to have an appointment | Usage note: 'tener una cita' commonly refers to to have an appointment in everyday conversation.
438,llamarse,to be called,,General meaning: to be called | Usage note: 'llamarse' commonly refers to to be called in everyday conversation.
439,la experiencia,experience ,,General meaning: experience | Usage note: 'la experiencia' commonly refers to experience in everyday conversation.
440,la especialidad,specialty,,General meaning: specialty | Usage note: 'la especialidad' commonly refers to specialty in everyday conversation.
441,la pensión,pension,,General meaning: pension | Usage note: 'la pensión' commonly refers to pension in everyday conversation.
442,desorganizado,disorganized,,General meaning: disorganized | Usage note: 'desorganizado' commonly refers to disorganized in everyday conversation.
443,salir con,to go out with,,General meaning: to go out with | Usage note: 'salir con' commonly refers to to go out with in everyday conversation.
444,el estrés,stress,,General meaning: stress | Usage note: 'el estrés' commonly refers to stress in everyday conversation.
445,el interés,interest,,General meaning: interest | Usage note: 'el interés' commonly refers to interest in everyday conversation.
446,la relación,relationship,,General meaning: relationship | Usage note: 'la relación' commonly refers to relationship in everyday conversation.
447,depositar,to deposit,,General meaning: to deposit | Usage note: 'depositar' commonly refers to to deposit in everyday conversation.
448,el crimen,crime,,General meaning: crime | Usage note: 'el crimen' commonly refers to crime in everyday conversation.
449,la fecha de nacimiento,date of birth,,General meaning: date of birth | Usage note: 'la fecha de nacimiento' commonly refers to date of birth in everyday conversation.
450,tener cuidado,to be careful,,General meaning: to be careful | Usage note: 'tener cuidado' commonly refers to to be careful in everyday conversation.
451,la información,information,,General meaning: information | Usage note: 'la información' commonly refers to information in everyday conversation.
452,tener sueño,to be sleepy,,General meaning: to be sleepy | Usage note: 'tener sueño' commonly refers to to be sleepy in everyday conversation.
453,el correo electrónico,email,,General meaning: email | Usage note: 'el correo electrónico' commonly refers to email in everyday conversation.
454,complicado,complicated,,General meaning: complicated | Usage note: 'complicado' commonly refers to complicated in everyday conversation.
455,el músculo,muscle,,General meaning: muscle | Usage note: 'el músculo' commonly refers to muscle in everyday conversation.
456,la página web,web page,,General meaning: web page | Usage note: 'la página web' commonly refers to web page in everyday conversation.
457,inseguro,insecure,,General meaning: insecure | Usage note: 'inseguro' commonly refers to insecure in everyday conversation.
458,ecológico,ecological,,General meaning: ecological | Usage note: 'ecológico' commonly refers to ecological in everyday conversation.
459,el candidato,candidate,,General meaning: candidate | Usage note: 'el candidato' commonly refers to candidate in everyday conversation.
460,lavarse la cara,to wash one's face,,General meaning: to wash one's face | Usage note: 'lavarse la cara' commonly refers to to wash one's face in everyday conversation.
461,la campaña,campaign,,General meaning: campaign | Usage note: 'la campaña' commonly refers to campaign in everyday conversation.
462,tener celos,to be jealous,,General meaning: to be jealous | Usage note: 'tener celos' commonly refers to to be jealous in everyday conversation.
463,talentoso,talented,,General meaning: talented | Usage note: 'talentoso' commonly refers to talented in everyday conversation.
464,el contrato,contract,,General meaning: contract | Usage note: 'el contrato' commonly refers to contract in everyday conversation.
465,tener razón,to be right,,General meaning: to be right | Usage note: 'tener razón' commonly refers to to be right in everyday conversation.
466,la demanda,demand,,General meaning: demand | Usage note: 'la demanda' commonly refers to demand in everyday conversation.
467,insistir en,to insist on ,,General meaning: to insist on | Usage note: 'insistir en' commonly refers to to insist on in everyday conversation.
468,la justicia,justice,,General meaning: justice | Usage note: 'la justicia' commonly refers to justice in everyday conversation.
469,práctico,practical,,General meaning: practical | Usage note: 'práctico' commonly refers to practical in everyday conversation.
470,vuestro,your,,General meaning: your | Usage note: 'vuestro' commonly refers to your in everyday conversation.
471,estresado,stressed,,General meaning: stressed | Usage note: 'estresado' commonly refers to stressed in everyday conversation.
472,la estatua,statue,,General meaning: statue | Usage note: 'la estatua' commonly refers to statue in everyday conversation.
473,el desastre,disaster,similar spelling & pronounciation but kind of diff,General meaning: disaster | Other senses: similar spelling & pronounciation but kind of diff | Usage note: 'el desastre' commonly refers to disaster in everyday conversation.
474,el divorcio,divorce,,General meaning: divorce | Usage note: 'el divorcio' commonly refers to divorce in everyday conversation.
475,el aumento,increase,,General meaning: increase | Usage note: 'el aumento' commonly refers to increase in everyday conversation.
476,el laboratorio,laboratory,"-orio to ""-ory"" pattern? ","General meaning: laboratory | Other senses: -orio to ""-ory"" pattern? | Usage note: 'el laboratorio' commonly refers to laboratory in everyday conversation."
477,quitar la mesa,to clear the table,,General meaning: to clear the table | Usage note: 'quitar la mesa' commonly refers to to clear the table in everyday conversation.
478,el campeón,champion,,General meaning: champion | Usage note: 'el campeón' commonly refers to champion in everyday conversation.
479,tener éxito,to be successful,,General meaning: to be successful | Usage note: 'tener éxito' commonly refers to to be successful in everyday conversation.
480,llevarse bien,to get along,,General meaning: to get along | Usage note: 'llevarse bien' commonly refers to to get along in everyday conversation.
481,el sitio web,website,,General meaning: website | Usage note: 'el sitio web' commonly refers to website in everyday conversation.
482,la responsabilidad,responsibility,,General meaning: responsibility | Usage note: 'la responsabilidad' commonly refers to responsibility in everyday conversation.
484,hablador,talkative,,General meaning: talkative | Usage note: 'hablador' commonly refers to talkative in everyday conversation.
485,el punto de vista,point of view,,General meaning: point of view | Usage note: 'el punto de vista' commonly refers to point of view in everyday conversation.
486,el archivo,file,,General meaning: file | Usage note: 'el archivo' commonly refers to file in everyday conversation.
487,llegar tarde,to be late,,General meaning: to be late | Usage note: 'llegar tarde' commonly refers to to be late in everyday conversation.
488,el reportaje,report,,General meaning: report | Alternate Spanish term: el informe | Usage note: 'el reportaje' commonly refers to report in everyday conversation.
489,el juego de mesa,board game,,General meaning: board game | Usage note: 'el juego de mesa' commonly refers to board game in everyday conversation.
490,el entrevistador,interviewer,,General meaning: interviewer | Usage note: 'el entrevistador' commonly refers to interviewer in everyday conversation.
491,la estrategia,strategy,,General meaning: strategy | Usage note: 'la estrategia' commonly refers to strategy in everyday conversation.
492,la deforestación,deforestation,,General meaning: deforestation | Usage note: 'la deforestación' commonly refers to deforestation in everyday conversation.
493,lujoso,luxurious,,General meaning: luxurious | Usage note: 'lujoso' commonly refers to luxurious in everyday conversation.
494,la infancia,childhood,,General meaning: childhood | Usage note: 'la infancia' commonly refers to childhood in everyday conversation.
495,la crítica,criticism,,General meaning: criticism | Usage note: 'la crítica' commonly refers to criticism in everyday conversation.
496,el invitado,guest,,General meaning: guest | Alternate Spanish term: la huésped | Usage note: 'el invitado' commonly refers to guest in everyday conversation.
497,disfrutar de,to enjoy,,General meaning: to enjoy | Usage note: 'disfrutar de' commonly refers to to enjoy in everyday conversation.
498,el consumo,consumption,,General meaning: consumption | Usage note: 'el consumo' commonly refers to consumption in everyday conversation.
499,escalar montañas,to climb mountains,,General meaning: to climb mountains | Usage note: 'escalar montañas' commonly refers to to climb mountains in everyday conversation.
500,el recurso natural,natural resource,,General meaning: natural resource | Usage note: 'el recurso natural' commonly refers to natural resource in everyday conversation.
501,realista,realistic ,,General meaning: realistic | Usage note: 'realista' commonly refers to realistic in everyday conversation.
502,estar a dieta,to be on a diet,,General meaning: to be on a diet | Usage note: 'estar a dieta' commonly refers to to be on a diet in everyday conversation.
503,ir de vacaciones,to go on vacation,,General meaning: to go on vacation | Usage note: 'ir de vacaciones' commonly refers to to go on vacation in everyday conversation.
504,hacer un viaje,to take a trip,,General meaning: to take a trip | Usage note: 'hacer un viaje' commonly refers to to take a trip in everyday conversation.
505,pasarlo mal,to have a bad time,,General meaning: to have a bad time | Usage note: 'pasarlo mal' commonly refers to to have a bad time in everyday conversation.
506,sostenible,sustainable,,General meaning: sustainable | Usage note: 'sostenible' commonly refers to sustainable in everyday conversation.
507,el reportero,reporter,,General meaning: reporter | Usage note: 'el reportero' commonly refers to reporter in everyday conversation.
508,ganarse la vida,to earn a living,,General meaning: to earn a living | Usage note: 'ganarse la vida' commonly refers to to earn a living in everyday conversation.
509,la manifestación,demonstration,,General meaning: demonstration | Usage note: 'la manifestación' commonly refers to demonstration in everyday conversation.
510,el usuario,user,,General meaning: user | Usage note: 'el usuario' commonly refers to user in everyday conversation.
511,la sanidad,health,,General meaning: health | Usage note: 'la sanidad' commonly refers to health in everyday conversation.
512,el desempleo,unemployment,,General meaning: unemployment | Usage note: 'el desempleo' commonly refers to unemployment in everyday conversation.
513,el equilibrio,balance,,General meaning: balance | Usage note: 'el equilibrio' commonly refers to balance in everyday conversation.
514,el edificio de apartamentos,apartment building,,General meaning: apartment building | Usage note: 'el edificio de apartamentos' commonly refers to apartment building in everyday conversation.
515,llevarse mal,to get along badly,,General meaning: to get along badly | Usage note: 'llevarse mal' commonly refers to to get along badly in everyday conversation.
516,el beneficio,profit,,General meaning: profit | Usage note: 'el beneficio' commonly refers to profit in everyday conversation.
517,la ecologista,environmentalist,,General meaning: environmentalist | Usage note: 'la ecologista' commonly refers to environmentalist in everyday conversation.
518,la autoestima,self-esteem,,General meaning: self-esteem | Usage note: 'la autoestima' commonly refers to self-esteem in everyday conversation.
519,nutritivo,nutritious,,General meaning: nutritious | Usage note: 'nutritivo' commonly refers to nutritious in everyday conversation.
520,la diversión,entertainment,,General meaning: entertainment | Usage note: 'la diversión' commonly refers to entertainment in everyday conversation.
521,apasionado,passionate,,General meaning: passionate | Usage note: 'apasionado' commonly refers to passionate in everyday conversation.
522,comentar,to discuss,,General meaning: to discuss | Usage note: 'comentar' commonly refers to to discuss in everyday conversation.
523,el medicamento,medicine,,General meaning: medicine | Usage note: 'el medicamento' commonly refers to medicine in everyday conversation.
524,el cambio climático,climate change,,General meaning: climate change | Usage note: 'el cambio climático' commonly refers to climate change in everyday conversation.
525,el agricultor,farmer,,General meaning: farmer | Usage note: 'el agricultor' commonly refers to farmer in everyday conversation.
526,el funcionario,civil servant,,General meaning: civil servant | Usage note: 'el funcionario' commonly refers to civil servant in everyday conversation.
527,equilibrado,balanced,,General meaning: balanced | Usage note: 'equilibrado' commonly refers to balanced in everyday conversation.
528,el enfado,anger,,General meaning: anger | Usage note: 'el enfado' commonly refers to anger in everyday conversation.
529,el petróleo,oil,,General meaning: oil | Usage note: 'el petróleo' commonly refers to oil in everyday conversation.
530,la publicidad,advertising,,General meaning: advertising | Usage note: 'la publicidad' commonly refers to advertising in everyday conversation.
531,la entrega,delivery,,General meaning: delivery | Usage note: 'la entrega' commonly refers to delivery in everyday conversation.
532,la ciencia ficción,science fiction,,General meaning: science fiction | Usage note: 'la ciencia ficción' commonly refers to science fiction in everyday conversation.
533,la computación,computer science,,General meaning: computer science | Usage note: 'la computación' commonly refers to computer science in everyday conversation.
534,el rescate,rescue,,General meaning: rescue | Usage note: 'el rescate' commonly refers to rescue in everyday conversation.
535,el envase,container,,General meaning: container | Usage note: 'el envase' commonly refers to container in everyday conversation.
536,la informática,computing,,General meaning: computing | Usage note: 'la informática' commonly refers to computing in everyday conversation.
537,el requisito,requirement,,General meaning: requirement | Usage note: 'el requisito' commonly refers to requirement in everyday conversation.
538,el campamento,camp,,General meaning: camp | Usage note: 'el campamento' commonly refers to camp in everyday conversation.
539,el consumidor,consumer,,General meaning: consumer | Usage note: 'el consumidor' commonly refers to consumer in everyday conversation.
540,elaborar,to make,,General meaning: to make | Usage note: 'elaborar' commonly refers to to make in everyday conversation.
541,la aspirante,applicant,,General meaning: applicant | Usage note: 'la aspirante' commonly refers to applicant in everyday conversation.
542,el ascenso,promotion,,General meaning: promotion | Usage note: 'el ascenso' commonly refers to promotion in everyday conversation.
543,el descubrimiento,discovery,,General meaning: discovery | Usage note: 'el descubrimiento' commonly refers to discovery in everyday conversation.
544,el retraso,delay,,General meaning: delay | Usage note: 'el retraso' commonly refers to delay in everyday conversation.
545,la indígena,native,,General meaning: native | Usage note: 'la indígena' commonly refers to native in everyday conversation.
546,el árbitro,referee,,General meaning: referee | Usage note: 'el árbitro' commonly refers to referee in everyday conversation.
547,el diseñador,designer,,General meaning: designer | Usage note: 'el diseñador' commonly refers to designer in everyday conversation.
548,el préstamo,loan,,General meaning: loan | Usage note: 'el préstamo' commonly refers to loan in everyday conversation.
549,desigualdad,inequality,,General meaning: inequality | Usage note: 'desigualdad' commonly refers to inequality in everyday conversation.
550,el ayuntamiento,city council,,General meaning: city council | Usage note: 'el ayuntamiento' commonly refers to city council in everyday conversation.
551,pedir prestado,to borrow,transitive verb phrase,General meaning: to borrow | Other senses: transitive verb phrase | Usage note: 'pedir prestado' commonly refers to to borrow in everyday conversation.
552,el malentendido,misunderstanding,,General meaning: misunderstanding | Usage note: 'el malentendido' commonly refers to misunderstanding in everyday conversation.
553,empatar,to tie,,General meaning: to tie | Usage note: 'empatar' commonly refers to to tie in everyday conversation.
554,presumido,conceited,,General meaning: conceited | Usage note: 'presumido' commonly refers to conceited in everyday conversation.
555,la inundación,flood,,General meaning: flood | Usage note: 'la inundación' commonly refers to flood in everyday conversation.
556,la sabiduría,wisdom,,General meaning: wisdom | Usage note: 'la sabiduría' commonly refers to wisdom in everyday conversation.
557,el calentamiento global,global warming,,General meaning: global warming | Usage note: 'el calentamiento global' commonly refers to global warming in everyday conversation.
558,adelgazar,to lose weight,,General meaning: to lose weight | Usage note: 'adelgazar' commonly refers to to lose weight in everyday conversation.
559,aplaudir,to applaud,,General meaning: to applaud | Usage note: 'aplaudir' commonly refers to to applaud in everyday conversation.
560,el aficionado,fan,,General meaning: fan | Usage note: 'el aficionado' commonly refers to fan in everyday conversation.
561,la sequía,drought,,General meaning: drought | Usage note: 'la sequía' commonly refers to drought in everyday conversation.
562,el título,title,,General meaning: title | Usage note: 'el título' commonly refers to title in everyday conversation.
563,el océano,ocean,,General meaning: ocean | Usage note: 'el océano' commonly refers to ocean in everyday conversation.
564,adolescencia,adolescence,,General meaning: adolescence | Usage note: 'adolescencia' commonly refers to adolescence in everyday conversation.
565,grave,serious,,General meaning: serious | Usage note: 'grave' commonly refers to serious in everyday conversation.
